,CUVA,CUVA1,Clip
,CUVA,CUVA10,Clip
,CUVA,CUVA100,Clip
,CUVA,CUVA101,Full
,CUVA,CUVA102,Clip
,CUVA,CUVA103,Full
,CUVA,CUVA104,Clip
,CUVA,CUVA105,Clip
,CUVA,CUVA106,Full
,CUVA,CUVA107,Clip
,CUVA,CUVA108,Clip
,CUVA,CUVA109,Full
,CUVA,CUVA11,Full
,CUVA,CUVA110,Full
,CUVA,CUVA111,Clip
,CUVA,CUVA112,Clip
,CUVA,CUVA113,Clip
,CUVA,CUVA114,Clip
,CUVA,CUVA115,Clip
,CUVA,CUVA116,Full
,CUVA,CUVA117,Clip
,CUVA,CUVA118,Clip
,CUVA,CUVA119,Full
,CUVA,CUVA12,Clip
,CUVA,CUVA120,Clip
,CUVA,CUVA121,Clip
,CUVA,CUVA122,Clip
,CUVA,CUVA123,Full
,CUVA,CUVA124,Full
,CUVA,CUVA125,Full
,CUVA,CUVA126,Clip
,CUVA,CUVA127,Full
,CUVA,CUVA128,Clip
,CUVA,CUVA129,Clip
,CUVA,CUVA13,Clip
,CUVA,CUVA130,Clip
,CUVA,CUVA131,Clip
,CUVA,CUVA132,Clip
,CUVA,CUVA133,Clip
,CUVA,CUVA134,Clip
,CUVA,CUVA135,Clip
,CUVA,CUVA136,Full
,CUVA,CUVA137,Clip
,CUVA,CUVA138,Clip
,CUVA,CUVA139,Full
,CUVA,CUVA14,Clip
,CUVA,CUVA140,Clip
,CUVA,CUVA141,Full
,CUVA,CUVA142,Clip
,CUVA,CUVA143,Clip
,CUVA,CUVA144,Clip
,CUVA,CUVA145,Clip
,CUVA,CUVA146,Clip
,CUVA,CUVA147,Full
,CUVA,CUVA148,Full
,CUVA,CUVA149,Clip
,CUVA,CUVA15,Clip
,CUVA,CUVA150,Clip
,CUVA,CUVA151,Full
,CUVA,CUVA152,Clip
,CUVA,CUVA153,Clip
,CUVA,CUVA154,Clip
,CUVA,CUVA155,Clip
,CUVA,CUVA156,Clip
,CUVA,CUVA157,Full
,CUVA,CUVA158,Full
,CUVA,CUVA159,Full
,CUVA,CUVA16,Clip
,CUVA,CUVA160,Clip
,CUVA,CUVA161,Clip
,CUVA,CUVA162,Clip
,CUVA,CUVA163,Clip
,CUVA,CUVA164,Full
,CUVA,CUVA165,Clip
,CUVA,CUVA166,Clip
,CUVA,CUVA167,Clip
,CUVA,CUVA168,Clip
,CUVA,CUVA169,Full
,CUVA,CUVA17,Clip
,CUVA,CUVA170,Full
,CUVA,CUVA171,Full
,CUVA,CUVA172,Clip
,CUVA,CUVA173,Full
,CUVA,CUVA174,Full
,CUVA,CUVA175,Clip
,CUVA,CUVA176,Clip
,CUVA,CUVA177,Clip
,CUVA,CUVA178,Full
,CUVA,CUVA179,Clip
,CUVA,CUVA18,Clip
,CUVA,CUVA180,Clip
,CUVA,CUVA181,Clip
,CUVA,CUVA182,Clip
,CUVA,CUVA183,Clip
,CUVA,CUVA184,Full
,CUVA,CUVA185,Full
,CUVA,CUVA186,Full
,CUVA,CUVA187,Full
,CUVA,CUVA188,Full
,CUVA,CUVA189,Clip
,CUVA,CUVA19,Clip
,CUVA,CUVA190,Clip
,CUVA,CUVA191,Clip
,CUVA,CUVA192,Clip
,CUVA,CUVA193,Clip
,CUVA,CUVA194,Clip
,CUVA,CUVA195,Clip
,CUVA,CUVA196,Clip
,CUVA,CUVA197,Full
,CUVA,CUVA198,Clip
,CUVA,CUVA199,Full
,CUVA,CUVA2,Clip
,CUVA,CUVA20,Clip
,CUVA,CUVA200,Full
,CUVA,CUVA201,Full
,CUVA,CUVA202,Full
,CUVA,CUVA203,Clip
,CUVA,CUVA204,Clip
,CUVA,CUVA205,Clip
,CUVA,CUVA206,Clip
,CUVA,CUVA207,Clip
,CUVA,CUVA208,Full
,CUVA,CUVA209,Full
,CUVA,CUVA21,Full
,CUVA,CUVA210,Full
,CUVA,CUVA211,Clip
,CUVA,CUVA212,Full
,CUVA,CUVA213,Clip
,CUVA,CUVA214,Clip
,CUVA,CUVA215,Full
,CUVA,CUVA216,Full
,CUVA,CUVA217,Full
,CUVA,CUVA218,Clip
,CUVA,CUVA219,Clip
,CUVA,CUVA22,Clip
,CUVA,CUVA220,Clip
,CUVA,CUVA221,Clip
,CUVA,CUVA222,Clip
,CUVA,CUVA223,Clip
,CUVA,CUVA224,Clip
,CUVA,CUVA225,Full
,CUVA,CUVA226,Full
,CUVA,CUVA227,Clip
,CUVA,CUVA228,Clip
,CUVA,CUVA229,Full
,CUVA,CUVA23,Clip
,CUVA,CUVA230,Full
,CUVA,CUVA231,Clip
,CUVA,CUVA232,Clip
,CUVA,CUVA233,Full
,CUVA,CUVA234,Clip
,CUVA,CUVA235,Full
,CUVA,CUVA236,Full
,CUVA,CUVA237,Full
,CUVA,CUVA238,Clip
,CUVA,CUVA239,Full
,CUVA,CUVA24,Full
,CUVA,CUVA240,Full
,CUVA,CUVA241,Clip
,CUVA,CUVA242,Clip
,CUVA,CUVA243,Full
,CUVA,CUVA244,Full
,CUVA,CUVA245,Clip
,CUVA,CUVA246,Clip
,CUVA,CUVA247,Clip
,CUVA,CUVA248,Clip
,CUVA,CUVA249,Full
,CUVA,CUVA25,Clip
,CUVA,CUVA250,Full
,CUVA,CUVA251,Full
,CUVA,CUVA252,Full
,CUVA,CUVA253,Full
,CUVA,CUVA254,Full
,CUVA,CUVA255,Full
,CUVA,CUVA256,Clip
,CUVA,CUVA257,Clip
,CUVA,CUVA258,Full
,CUVA,CUVA259,Full
,CUVA,CUVA26,Clip
,CUVA,CUVA260,Clip
,CUVA,CUVA261,Clip
,CUVA,CUVA262,Clip
,CUVA,CUVA263,Clip
,CUVA,CUVA264,Clip
,CUVA,CUVA265,Full
,CUVA,CUVA266,Clip
,CUVA,CUVA267,Full
,CUVA,CUVA268,Full
,CUVA,CUVA269,Full
,CUVA,CUVA27,Clip
,CUVA,CUVA270,Full
,CUVA,CUVA271,Full
,CUVA,CUVA272,Full
,CUVA,CUVA273,Clip
,CUVA,CUVA274,Clip
,CUVA,CUVA275,Full
,CUVA,CUVA276,Full
,CUVA,CUVA277,Clip
,CUVA,CUVA278,Clip
,CUVA,CUVA279,Full
,CUVA,CUVA28,Clip
,CUVA,CUVA280,Full
,CUVA,CUVA281,Full
,CUVA,CUVA282,Full
,CUVA,CUVA283,Clip
,CUVA,CUVA284,Clip
,CUVA,CUVA285,Full
,CUVA,CUVA286,Full
,CUVA,CUVA287,Full
,CUVA,CUVA288,Full
,CUVA,CUVA289,Full
,CUVA,CUVA29,Clip
,CUVA,CUVA290,Clip
,CUVA,CUVA291,Clip
,CUVA,CUVA292,Full
,CUVA,CUVA293,Full
,CUVA,CUVA294,Clip
,CUVA,CUVA295,Clip
,CUVA,CUVA296,Clip
,CUVA,CUVA297,Clip
,CUVA,CUVA298,Clip
,CUVA,CUVA299,Full
,CUVA,CUVA3,Clip
,CUVA,CUVA30,Clip
,CUVA,CUVA300,Full
,CUVA,CUVA301,Full
,CUVA,CUVA302,Full
,CUVA,CUVA303,Full
,CUVA,CUVA304,Full
,CUVA,CUVA305,Full
,CUVA,CUVA306,Full
,CUVA,CUVA307,Clip
,CUVA,CUVA308,Clip
,CUVA,CUVA309,Clip
,CUVA,CUVA31,Clip
,CUVA,CUVA310,Full
,CUVA,CUVA311,Full
,CUVA,CUVA312,Clip
,CUVA,CUVA313,Clip
,CUVA,CUVA314,Clip
,CUVA,CUVA315,Clip
,CUVA,CUVA316,Clip
,CUVA,CUVA317,Full
,CUVA,CUVA318,Full
,CUVA,CUVA319,Full
,CUVA,CUVA32,Full
,CUVA,CUVA320,Full
,CUVA,CUVA321,Clip
,CUVA,CUVA322,Full
,CUVA,CUVA323,Clip
,CUVA,CUVA324,Clip
,CUVA,CUVA325,Clip
,CUVA,CUVA326,Clip
,CUVA,CUVA327,Clip
,CUVA,CUVA328,Clip
,CUVA,CUVA329,Clip
,CUVA,CUVA33,Clip
,CUVA,CUVA330,Clip
,CUVA,CUVA331,Full
,CUVA,CUVA332,Full
,CUVA,CUVA333,Full
,CUVA,CUVA334,Full
,CUVA,CUVA335,Full
,CUVA,CUVA336,Full
,CUVA,CUVA337,Full
,CUVA,CUVA338,Clip
,CUVA,CUVA339,Clip
,CUVA,CUVA34,Full
,CUVA,CUVA340,Clip
,CUVA,CUVA341,Clip
,CUVA,CUVA342,Clip
,CUVA,CUVA343,Full
,CUVA,CUVA344,Full
,CUVA,CUVA345,Full
,CUVA,CUVA346,Clip
,CUVA,CUVA347,Clip
,CUVA,CUVA348,Clip
,CUVA,CUVA349,Clip
,CUVA,CUVA35,Full
,CUVA,CUVA350,Full
,CUVA,CUVA351,Full
,CUVA,CUVA352,Full
,CUVA,CUVA353,Full
,CUVA,CUVA354,Full
,CUVA,CUVA355,Full
,CUVA,CUVA356,Clip
,CUVA,CUVA357,Clip
,CUVA,CUVA358,Full
,CUVA,CUVA359,Clip
,CUVA,CUVA36,Full
,CUVA,CUVA360,Clip
,CUVA,CUVA361,Clip
,CUVA,CUVA362,Clip
,CUVA,CUVA363,Clip
,CUVA,CUVA364,Clip
,CUVA,CUVA365,Clip
,CUVA,CUVA366,Full
,CUVA,CUVA367,Full
,CUVA,CUVA368,Clip
,CUVA,CUVA369,Clip
,CUVA,CUVA37,Clip
,CUVA,CUVA370,Full
,CUVA,CUVA371,Clip
,CUVA,CUVA372,Full
,CUVA,CUVA373,Full
,CUVA,CUVA374,Full
,CUVA,CUVA375,Full
,CUVA,CUVA376,Clip
,CUVA,CUVA377,Clip
,CUVA,CUVA378,Full
,CUVA,CUVA379,Clip
,CUVA,CUVA38,Clip
,CUVA,CUVA380,Full
,CUVA,CUVA381,Clip
,CUVA,CUVA382,Clip
,CUVA,CUVA383,Clip
,CUVA,CUVA384,Clip
,CUVA,CUVA385,Clip
,CUVA,CUVA386,Clip
,CUVA,CUVA387,Clip
,CUVA,CUVA388,Clip
,CUVA,CUVA389,Clip
,CUVA,CUVA39,Clip
,CUVA,CUVA390,Full
,CUVA,CUVA391,Clip
,CUVA,CUVA392,Full
,CUVA,CUVA393,Full
,CUVA,CUVA394,Full
,CUVA,CUVA395,Clip
,CUVA,CUVA396,Clip
,CUVA,CUVA397,Clip
,CUVA,CUVA398,Full
,CUVA,CUVA399,Full
,CUVA,CUVA4,Full
,CUVA,CUVA40,Full
,CUVA,CUVA400,Clip
,CUVA,CUVA401,Clip
,CUVA,CUVA402,Clip
,CUVA,CUVA403,Full
,CUVA,CUVA404,Clip
,CUVA,CUVA405,Clip
,CUVA,CUVA406,Clip
,CUVA,CUVA407,Clip
,CUVA,CUVA408,Clip
,CUVA,CUVA409,Full
,CUVA,CUVA41,Full
,CUVA,CUVA410,Clip
,CUVA,CUVA411,Clip
,CUVA,CUVA412,Clip
,CUVA,CUVA413,Clip
,CUVA,CUVA414,Clip
,CUVA,CUVA415,Full
,CUVA,CUVA416,Full
,CUVA,CUVA417,Clip
,CUVA,CUVA418,Clip
,CUVA,CUVA419,Full
,CUVA,CUVA42,Clip
,CUVA,CUVA420,Clip
,CUVA,CUVA421,Clip
,CUVA,CUVA422,Clip
,CUVA,CUVA423,Full
,CUVA,CUVA424,Full
,CUVA,CUVA425,Clip
,CUVA,CUVA426,Full
,CUVA,CUVA427,Clip
,CUVA,CUVA428,Clip
,CUVA,CUVA429,Clip
,CUVA,CUVA43,Full
,CUVA,CUVA430,Full
,CUVA,CUVA431,Clip
,CUVA,CUVA432,Clip
,CUVA,CUVA433,Clip
,CUVA,CUVA434,Full
,CUVA,CUVA435,Clip
,CUVA,CUVA436,Clip
,CUVA,CUVA437,Clip
,CUVA,CUVA438,Clip
,CUVA,CUVA439,Full
,CUVA,CUVA44,Full
,CUVA,CUVA440,Clip
,CUVA,CUVA441,Full
,CUVA,CUVA442,Clip
,CUVA,CUVA443,Clip
,CUVA,CUVA444,Full
,CUVA,CUVA445,Full
,CUVA,CUVA446,Full
,CUVA,CUVA447,Full
,CUVA,CUVA448,Full
,CUVA,CUVA449,Clip
,CUVA,CUVA45,Clip
,CUVA,CUVA450,Clip
,CUVA,CUVA451,Clip
,CUVA,CUVA452,Clip
,CUVA,CUVA453,Clip
,CUVA,CUVA454,Clip
,CUVA,CUVA455,Clip
,CUVA,CUVA456,Clip
,CUVA,CUVA457,Clip
,CUVA,CUVA458,Clip
,CUVA,CUVA459,Clip
,CUVA,CUVA46,Clip
,CUVA,CUVA460,Full
,CUVA,CUVA461,Clip
,CUVA,CUVA462,Clip
,CUVA,CUVA463,Full
,CUVA,CUVA464,Full
,CUVA,CUVA465,Full
,CUVA,CUVA466,Full
,CUVA,CUVA467,Full
,CUVA,CUVA468,Clip
,CUVA,CUVA469,Clip
,CUVA,CUVA47,Clip
,CUVA,CUVA470,Full
,CUVA,CUVA471,Full
,CUVA,CUVA472,Clip
,CUVA,CUVA473,Clip
,CUVA,CUVA474,Clip
,CUVA,CUVA475,Full
,CUVA,CUVA476,Clip
,CUVA,CUVA477,Full
,CUVA,CUVA478,Full
,CUVA,CUVA479,Full
,CUVA,CUVA48,Clip
,CUVA,CUVA480,Full
,CUVA,CUVA481,Clip
,CUVA,CUVA482,Clip
,CUVA,CUVA483,Clip
,CUVA,CUVA484,Clip
,CUVA,CUVA485,Clip
,CUVA,CUVA486,Clip
,CUVA,CUVA487,Full
,CUVA,CUVA488,Full
,CUVA,CUVA489,Full
,CUVA,CUVA49,Full
,CUVA,CUVA490,Full
,CUVA,CUVA491,Clip
,CUVA,CUVA492,Full
,CUVA,CUVA493,Clip
,CUVA,CUVA494,Full
,CUVA,CUVA495,Full
,CUVA,CUVA496,Full
,CUVA,CUVA497,Clip
,CUVA,CUVA498,Clip
,CUVA,CUVA499,Full
,CUVA,CUVA5,Clip
,CUVA,CUVA50,Clip
,CUVA,CUVA500,Clip
,CUVA,CUVA501,Clip
,CUVA,CUVA502,Full
,CUVA,CUVA503,Full
,CUVA,CUVA504,Full
,CUVA,CUVA505,Clip
,CUVA,CUVA506,Clip
,CUVA,CUVA507,Clip
,CUVA,CUVA508,Clip
,CUVA,CUVA509,Full
,CUVA,CUVA51,Clip
,CUVA,CUVA510,Full
,CUVA,CUVA511,Full
,CUVA,CUVA512,Full
,CUVA,CUVA513,Full
,CUVA,CUVA514,Full
,CUVA,CUVA515,Clip
,CUVA,CUVA516,Clip
,CUVA,CUVA517,Full
,CUVA,CUVA518,Full
,CUVA,CUVA519,Full
,CUVA,CUVA52,Clip
,CUVA,CUVA520,Full
,CUVA,CUVA521,Full
,CUVA,CUVA522,Full
,CUVA,CUVA523,Full
,CUVA,CUVA524,Full
,CUVA,CUVA525,Clip
,CUVA,CUVA526,Clip
,CUVA,CUVA527,Full
,CUVA,CUVA528,Clip
,CUVA,CUVA529,Full
,CUVA,CUVA53,Clip
,CUVA,CUVA530,Full
,CUVA,CUVA531,Clip
,CUVA,CUVA532,Clip
,CUVA,CUVA533,Clip
,CUVA,CUVA534,Full
,CUVA,CUVA535,Clip
,CUVA,CUVA536,Clip
,CUVA,CUVA537,Clip
,CUVA,CUVA538,Clip
,CUVA,CUVA539,Full
,CUVA,CUVA54,Clip
,CUVA,CUVA540,Full
,CUVA,CUVA541,Clip
,CUVA,CUVA542,Clip
,CUVA,CUVA543,Full
,CUVA,CUVA544,Full
,CUVA,CUVA545,Full
,CUVA,CUVA546,Full
,CUVA,CUVA547,Full
,CUVA,CUVA548,Full
,CUVA,CUVA549,Full
,CUVA,CUVA55,Full
,CUVA,CUVA550,Full
,CUVA,CUVA551,Clip
,CUVA,CUVA552,Full
,CUVA,CUVA553,Full
,CUVA,CUVA554,Full
,CUVA,CUVA555,Full
,CUVA,CUVA556,Full
,CUVA,CUVA557,Full
,CUVA,CUVA558,Clip
,CUVA,CUVA559,Full
,CUVA,CUVA56,Clip
,CUVA,CUVA560,Full
,CUVA,CUVA561,Clip
,CUVA,CUVA562,Clip
,CUVA,CUVA563,Full
,CUVA,CUVA564,Full
,CUVA,CUVA565,Clip
,CUVA,CUVA566,Clip
,CUVA,CUVA567,Full
,CUVA,CUVA568,Full
,CUVA,CUVA569,Full
,CUVA,CUVA57,Clip
,CUVA,CUVA570,Full
,CUVA,CUVA571,Clip
,CUVA,CUVA572,Clip
,CUVA,CUVA573,Clip
,CUVA,CUVA574,Clip
,CUVA,CUVA575,Clip
,CUVA,CUVA576,Clip
,CUVA,CUVA577,Full
,CUVA,CUVA578,Clip
,CUVA,CUVA579,Clip
,CUVA,CUVA58,Clip
,CUVA,CUVA580,Full
,CUVA,CUVA581,Clip
,CUVA,CUVA582,Clip
,CUVA,CUVA583,Full
,CUVA,CUVA584,Clip
,CUVA,CUVA585,Clip
,CUVA,CUVA586,Clip
,CUVA,CUVA587,Clip
,CUVA,CUVA588,Full
,CUVA,CUVA589,Full
,CUVA,CUVA59,Full
,CUVA,CUVA590,Full
,CUVA,CUVA591,Full
,CUVA,CUVA592,Full
,CUVA,CUVA593,Clip
,CUVA,CUVA594,Clip
,CUVA,CUVA595,Clip
,CUVA,CUVA596,Full
,CUVA,CUVA597,Full
,CUVA,CUVA598,Full
,CUVA,CUVA599,Full
,CUVA,CUVA6,Clip
,CUVA,CUVA60,Clip
,CUVA,CUVA600,Full
,CUVA,CUVA601,Full
,CUVA,CUVA602,Clip
,CUVA,CUVA603,Clip
,CUVA,CUVA604,Clip
,CUVA,CUVA605,Full
,CUVA,CUVA606,Full
,CUVA,CUVA607,Clip
,CUVA,CUVA608,Clip
,CUVA,CUVA609,Clip
,CUVA,CUVA61,Full
,CUVA,CUVA610,Clip
,CUVA,CUVA611,Full
,CUVA,CUVA612,Full
,CUVA,CUVA613,Clip
,CUVA,CUVA614,Full
,CUVA,CUVA615,Clip
,CUVA,CUVA616,Full
,CUVA,CUVA617,Clip
,CUVA,CUVA618,Full
,CUVA,CUVA619,Full
,CUVA,CUVA62,Clip
,CUVA,CUVA620,Full
,CUVA,CUVA621,Full
,CUVA,CUVA622,Full
,CUVA,CUVA623,Full
,CUVA,CUVA624,Full
,CUVA,CUVA625,Full
,CUVA,CUVA626,Clip
,CUVA,CUVA627,Clip
,CUVA,CUVA628,Full
,CUVA,CUVA629,Clip
,CUVA,CUVA63,Full
,CUVA,CUVA630,Full
,CUVA,CUVA631,Full
,CUVA,CUVA632,Full
,CUVA,CUVA633,Full
,CUVA,CUVA634,Clip
,CUVA,CUVA635,Clip
,CUVA,CUVA636,Clip
,CUVA,CUVA637,Clip
,CUVA,CUVA638,Clip
,CUVA,CUVA639,Full
,CUVA,CUVA64,Clip
,CUVA,CUVA640,Full
,CUVA,CUVA641,Clip
,CUVA,CUVA642,Full
,CUVA,CUVA643,Full
,CUVA,CUVA644,Full
,CUVA,CUVA645,Full
,CUVA,CUVA646,Full
,CUVA,CUVA647,Full
,CUVA,CUVA648,Clip
,CUVA,CUVA649,Full
,CUVA,CUVA65,Clip
,CUVA,CUVA650,Full
,CUVA,CUVA651,Full
,CUVA,CUVA652,Full
,CUVA,CUVA653,Clip
,CUVA,CUVA654,Full
,CUVA,CUVA655,Full
,CUVA,CUVA656,Full
,CUVA,CUVA657,Full
,CUVA,CUVA658,Full
,CUVA,CUVA659,Clip
,CUVA,CUVA66,Clip
,CUVA,CUVA660,Clip
,CUVA,CUVA661,Full
,CUVA,CUVA662,Clip
,CUVA,CUVA663,Full
,CUVA,CUVA664,Full
,CUVA,CUVA665,Full
,CUVA,CUVA666,Full
,CUVA,CUVA667,Full
,CUVA,CUVA668,Full
,CUVA,CUVA669,Clip
,CUVA,CUVA67,Full
,CUVA,CUVA670,Full
,CUVA,CUVA671,Full
,CUVA,CUVA672,Clip
,CUVA,CUVA673,Full
,CUVA,CUVA674,Full
,CUVA,CUVA675,Full
,CUVA,CUVA676,Full
,CUVA,CUVA677,Full
,CUVA,CUVA678,Full
,CUVA,CUVA679,Clip
,CUVA,CUVA68,Full
,CUVA,CUVA680,Full
,CUVA,CUVA681,Clip
,CUVA,CUVA682,Clip
,CUVA,CUVA683,Clip
,CUVA,CUVA684,Full
,CUVA,CUVA685,Full
,CUVA,CUVA686,Clip
,CUVA,CUVA687,Clip
,CUVA,CUVA688,Clip
,CUVA,CUVA689,Full
,CUVA,CUVA69,Full
,CUVA,CUVA690,Clip
,CUVA,CUVA691,Clip
,CUVA,CUVA692,Clip
,CUVA,CUVA693,Full
,CUVA,CUVA694,Full
,CUVA,CUVA695,Full
,CUVA,CUVA696,Full
,CUVA,CUVA697,Clip
,CUVA,CUVA698,Clip
,CUVA,CUVA699,Full
,CUVA,CUVA7,Full
,CUVA,CUVA70,Full
,CUVA,CUVA700,Clip
,CUVA,CUVA701,Clip
,CUVA,CUVA702,Clip
,CUVA,CUVA703,Full
,CUVA,CUVA704,Full
,CUVA,CUVA705,Full
,CUVA,CUVA706,Full
,CUVA,CUVA707,Full
,CUVA,CUVA708,Full
,CUVA,CUVA709,Full
,CUVA,CUVA71,Clip
,CUVA,CUVA710,Clip
,CUVA,CUVA711,Full
,CUVA,CUVA712,Clip
,CUVA,CUVA713,Clip
,CUVA,CUVA714,Full
,CUVA,CUVA715,Full
,CUVA,CUVA716,Full
,CUVA,CUVA717,Clip
,CUVA,CUVA718,Clip
,CUVA,CUVA719,Clip
,CUVA,CUVA72,Full
,CUVA,CUVA720,Clip
,CUVA,CUVA721,Clip
,CUVA,CUVA722,Clip
,CUVA,CUVA723,Full
,CUVA,CUVA724,Full
,CUVA,CUVA725,Clip
,CUVA,CUVA726,Clip
,CUVA,CUVA727,Clip
,CUVA,CUVA728,Clip
,CUVA,CUVA729,Clip
,CUVA,CUVA73,Clip
,CUVA,CUVA730,Clip
,CUVA,CUVA731,Clip
,CUVA,CUVA732,Full
,CUVA,CUVA733,Clip
,CUVA,CUVA734,Clip
,CUVA,CUVA735,Full
,CUVA,CUVA736,Full
,CUVA,CUVA737,Full
,CUVA,CUVA738,Clip
,CUVA,CUVA739,Clip
,CUVA,CUVA74,Clip
,CUVA,CUVA740,Clip
,CUVA,CUVA741,Clip
,CUVA,CUVA742,Full
,CUVA,CUVA743,Full
,CUVA,CUVA744,Clip
,CUVA,CUVA745,Full
,CUVA,CUVA746,Clip
,CUVA,CUVA747,Clip
,CUVA,CUVA748,Clip
,CUVA,CUVA749,Clip
,CUVA,CUVA75,Clip
,CUVA,CUVA750,Full
,CUVA,CUVA751,Full
,CUVA,CUVA752,Full
,CUVA,CUVA753,Full
,CUVA,CUVA754,Clip
,CUVA,CUVA755,Full
,CUVA,CUVA756,Full
,CUVA,CUVA757,Full
,CUVA,CUVA758,Clip
,CUVA,CUVA759,Clip
,CUVA,CUVA76,Full
,CUVA,CUVA760,Clip
,CUVA,CUVA761,Full
,CUVA,CUVA762,Clip
,CUVA,CUVA763,Full
,CUVA,CUVA764,Clip
,CUVA,CUVA765,Full
,CUVA,CUVA766,Full
,CUVA,CUVA767,Full
,CUVA,CUVA768,Full
,CUVA,CUVA769,Full
,CUVA,CUVA77,Full
,CUVA,CUVA770,Full
,CUVA,CUVA771,Clip
,CUVA,CUVA772,Clip
,CUVA,CUVA773,Clip
,CUVA,CUVA774,Clip
,CUVA,CUVA775,Full
,CUVA,CUVA776,Full
,CUVA,CUVA777,Clip
,CUVA,CUVA778,Clip
,CUVA,CUVA779,Full
,CUVA,CUVA78,Full
,CUVA,CUVA780,Full
,CUVA,CUVA781,Full
,CUVA,CUVA782,Full
,CUVA,CUVA783,Clip
,CUVA,CUVA784,Clip
,CUVA,CUVA785,Clip
,CUVA,CUVA786,Full
,CUVA,CUVA787,Full
,CUVA,CUVA788,Clip
,CUVA,CUVA789,Full
,CUVA,CUVA79,Full
,CUVA,CUVA790,Clip
,CUVA,CUVA791,Clip
,CUVA,CUVA792,Full
,CUVA,CUVA793,Clip
,CUVA,CUVA794,Clip
,CUVA,CUVA795,Full
,CUVA,CUVA796,Full
,CUVA,CUVA797,Full
,CUVA,CUVA798,Clip
,CUVA,CUVA799,Full
,CUVA,CUVA8,Clip
,CUVA,CUVA80,Full
,CUVA,CUVA800,Full
,CUVA,CUVA801,Full
,CUVA,CUVA802,Clip
,CUVA,CUVA803,Clip
,CUVA,CUVA804,Clip
,CUVA,CUVA805,Full
,CUVA,CUVA806,Full
,CUVA,CUVA807,Full
,CUVA,CUVA808,Full
,CUVA,CUVA809,Clip
,CUVA,CUVA81,Full
,CUVA,CUVA810,Clip
,CUVA,CUVA811,Clip
,CUVA,CUVA812,Clip
,CUVA,CUVA813,Clip
,CUVA,CUVA814,Clip
,CUVA,CUVA815,Clip
,CUVA,CUVA816,Clip
,CUVA,CUVA817,Clip
,CUVA,CUVA818,Full
,CUVA,CUVA819,Clip
,CUVA,CUVA82,Full
,CUVA,CUVA820,Clip
,CUVA,CUVA821,Clip
,CUVA,CUVA822,Clip
,CUVA,CUVA83,Clip
,CUVA,CUVA84,Clip
,CUVA,CUVA85,Full
,CUVA,CUVA86,Full
,CUVA,CUVA87,Full
,CUVA,CUVA88,Clip
,CUVA,CUVA89,Clip
,CUVA,CUVA9,Clip
,CUVA,CUVA90,Clip
,CUVA,CUVA91,Clip
,CUVA,CUVA92,Clip
,CUVA,CUVA93,Full
,CUVA,CUVA94,Full
,CUVA,CUVA95,Full
,CUVA,CUVA96,Full
,CUVA,CUVA97,Full
,CUVA,CUVA98,Full
,CUVA,CUVA99,Clip
,EFMO,EFMO1,Clip
,EFMO,EFMO10,Full
,EFMO,EFMO100,Full
,EFMO,EFMO101,Full
,EFMO,EFMO102,Clip
,EFMO,EFMO105,Clip
,EFMO,EFMO106,Full
,EFMO,EFMO107,Full
,EFMO,EFMO108,Full
,EFMO,EFMO109,Full
,EFMO,EFMO11,Full
,EFMO,EFMO110,Full
,EFMO,EFMO111,Full
,EFMO,EFMO112,Full
,EFMO,EFMO113,Full
,EFMO,EFMO114,Full
,EFMO,EFMO115,Full
,EFMO,EFMO116,Full
,EFMO,EFMO117,Clip
,EFMO,EFMO118,Full
,EFMO,EFMO119,Full
,EFMO,EFMO12,Clip
,EFMO,EFMO120,Clip
,EFMO,EFMO123,Clip
,EFMO,EFMO124,Full
,EFMO,EFMO125,Full
,EFMO,EFMO127,Full
,EFMO,EFMO128,Full
,EFMO,EFMO129,Full
,EFMO,EFMO13,Full
,EFMO,EFMO130,Full
,EFMO,EFMO131,Full
,EFMO,EFMO132,Full
,EFMO,EFMO133,Full
,EFMO,EFMO134,Full
,EFMO,EFMO135,Full
,EFMO,EFMO136,Full
,EFMO,EFMO137,Full
,EFMO,EFMO138,Full
,EFMO,EFMO139,Full
,EFMO,EFMO14,Full
,EFMO,EFMO140,Full
,EFMO,EFMO141,Clip
,EFMO,EFMO146,Clip
,EFMO,EFMO147,Full
,EFMO,EFMO148,Full
,EFMO,EFMO149,Full
,EFMO,EFMO15,Full
,EFMO,EFMO150,Clip
,EFMO,EFMO151,Clip
,EFMO,EFMO152,Full
,EFMO,EFMO153,Full
,EFMO,EFMO154,Full
,EFMO,EFMO155,Full
,EFMO,EFMO156,Full
,EFMO,EFMO157,Full
,EFMO,EFMO158,Full
,EFMO,EFMO159,Full
,EFMO,EFMO16,Clip
,EFMO,EFMO160,Full
,EFMO,EFMO161,Full
,EFMO,EFMO162,Full
,EFMO,EFMO163,Full
,EFMO,EFMO164,Full
,EFMO,EFMO165,Clip
,EFMO,EFMO166,Clip
,EFMO,EFMO167,Full
,EFMO,EFMO168,Full
,EFMO,EFMO169,Full
,EFMO,EFMO17,Clip
,EFMO,EFMO170,Clip
,EFMO,EFMO171,Clip
,EFMO,EFMO172,Full
,EFMO,EFMO173,Full
,EFMO,EFMO174,Full
,EFMO,EFMO175,Clip
,EFMO,EFMO176,Clip
,EFMO,EFMO177,Full
,EFMO,EFMO178,Full
,EFMO,EFMO179,Full
,EFMO,EFMO18,Full
,EFMO,EFMO180,Full
,EFMO,EFMO181,Full
,EFMO,EFMO182,Full
,EFMO,EFMO183,Full
,EFMO,EFMO184,Full
,EFMO,EFMO186,Full
,EFMO,EFMO187,Full
,EFMO,EFMO188,Full
,EFMO,EFMO189,Clip
,EFMO,EFMO19,Full
,EFMO,EFMO190,Clip
,EFMO,EFMO191,Full
,EFMO,EFMO192,Full
,EFMO,EFMO193,Full
,EFMO,EFMO194,Full
,EFMO,EFMO195,Full
,EFMO,EFMO196,Full
,EFMO,EFMO197,Full
,EFMO,EFMO198,Full
,EFMO,EFMO199,Clip
,EFMO,EFMO2,Clip
,EFMO,EFMO20,Clip
,EFMO,EFMO201,Clip
,EFMO,EFMO202,Full
,EFMO,EFMO203,Clip
,EFMO,EFMO204,Full
,EFMO,EFMO205,Full
,EFMO,EFMO206,Full
,EFMO,EFMO207,Full
,EFMO,EFMO208,Full
,EFMO,EFMO209,Full
,EFMO,EFMO21,Clip
,EFMO,EFMO210,Full
,EFMO,EFMO211,Full
,EFMO,EFMO212,Clip
,EFMO,EFMO213,Clip
,EFMO,EFMO214,Full
,EFMO,EFMO215,Full
,EFMO,EFMO216,Full
,EFMO,EFMO217,Clip
,EFMO,EFMO218,Clip
,EFMO,EFMO219,Full
,EFMO,EFMO22,Full
,EFMO,EFMO220,Full
,EFMO,EFMO221,Clip
,EFMO,EFMO222,Clip
,EFMO,EFMO223,Full
,EFMO,EFMO224,Full
,EFMO,EFMO225,Full
,EFMO,EFMO226,Clip
,EFMO,EFMO228,Clip
,EFMO,EFMO229,Full
,EFMO,EFMO23,Full
,EFMO,EFMO230,Clip
,EFMO,EFMO232,Clip
,EFMO,EFMO233,Full
,EFMO,EFMO234,Full
,EFMO,EFMO235,Full
,EFMO,EFMO237,Clip
,EFMO,EFMO238,Full
,EFMO,EFMO239,Full
,EFMO,EFMO24,Clip
,EFMO,EFMO240,Full
,EFMO,EFMO241,Full
,EFMO,EFMO243,Clip
,EFMO,EFMO244,Full
,EFMO,EFMO245,Full
,EFMO,EFMO246,Full
,EFMO,EFMO248,Clip
,EFMO,EFMO249,Full
,EFMO,EFMO25,Clip
,EFMO,EFMO250,Full
,EFMO,EFMO251,Full
,EFMO,EFMO252,Clip
,EFMO,EFMO253,Clip
,EFMO,EFMO254,Full
,EFMO,EFMO255,Full
,EFMO,EFMO256,Full
,EFMO,EFMO257,Clip
,EFMO,EFMO258,Clip
,EFMO,EFMO259,Full
,EFMO,EFMO26,Full
,EFMO,EFMO260,Full
,EFMO,EFMO261,Full
,EFMO,EFMO262,Clip
,EFMO,EFMO263,Clip
,EFMO,EFMO264,Full
,EFMO,EFMO265,Full
,EFMO,EFMO266,Full
,EFMO,EFMO267,Clip
,EFMO,EFMO269,Clip
,EFMO,EFMO27,Clip
,EFMO,EFMO270,Full
,EFMO,EFMO271,Full
,EFMO,EFMO3,Clip
,EFMO,EFMO31,Clip
,EFMO,EFMO32,Full
,EFMO,EFMO33,Full
,EFMO,EFMO34,Clip
,EFMO,EFMO35,Clip
,EFMO,EFMO36,Full
,EFMO,EFMO37,Full
,EFMO,EFMO38,Full
,EFMO,EFMO39,Full
,EFMO,EFMO4,Full
,EFMO,EFMO40,Full
,EFMO,EFMO41,Full
,EFMO,EFMO42,Full
,EFMO,EFMO43,Clip
,EFMO,EFMO44,Full
,EFMO,EFMO45,Full
,EFMO,EFMO46,Full
,EFMO,EFMO47,Clip
,EFMO,EFMO49,Full
,EFMO,EFMO5,Full
,EFMO,EFMO50,Full
,EFMO,EFMO51,Full
,EFMO,EFMO52,Full
,EFMO,EFMO53,Full
,EFMO,EFMO54,Full
,EFMO,EFMO55,Full
,EFMO,EFMO56,Clip
,EFMO,EFMO57,Clip
,EFMO,EFMO58,Full
,EFMO,EFMO59,Full
,EFMO,EFMO6,Full
,EFMO,EFMO60,Full
,EFMO,EFMO61,Full
,EFMO,EFMO62,Full
,EFMO,EFMO64,Full
,EFMO,EFMO65,Full
,EFMO,EFMO66,Full
,EFMO,EFMO67,Full
,EFMO,EFMO68,Full
,EFMO,EFMO69,Full
,EFMO,EFMO70,Full
,EFMO,EFMO71,Full
,EFMO,EFMO72,Full
,EFMO,EFMO73,Full
,EFMO,EFMO74,Full
,EFMO,EFMO75,Full
,EFMO,EFMO77,Clip
,EFMO,EFMO78,Full
,EFMO,EFMO79,Full
,EFMO,EFMO8,Clip
,EFMO,EFMO80,Full
,EFMO,EFMO81,Full
,EFMO,EFMO82,Full
,EFMO,EFMO84,Clip
,EFMO,EFMO85,Full
,EFMO,EFMO86,Full
,EFMO,EFMO87,Full
,EFMO,EFMO88,Full
,EFMO,EFMO89,Full
,EFMO,EFMO9,Full
,EFMO,EFMO90,Clip
,EFMO,EFMO91,Full
,EFMO,EFMO92,Full
,EFMO,EFMO93,Full
,EFMO,EFMO94,Full
,EFMO,EFMO95,Clip
,EFMO,EFMO97,Full
,EFMO,EFMO98,Full
,EFMO,EFMO99,Full
,HOSP,HOSP1,Clip
,HOSP,HOSP10,Full
,HOSP,HOSP100,Full
,HOSP,HOSP101,Full
,HOSP,HOSP102,Full
,HOSP,HOSP103,Full
,HOSP,HOSP104,Full
,HOSP,HOSP105,Full
,HOSP,HOSP106,Full
,HOSP,HOSP107,Full
,HOSP,HOSP108,Full
,HOSP,HOSP109,Clip
,HOSP,HOSP11,Full
,HOSP,HOSP111,Clip
,HOSP,HOSP112,Full
,HOSP,HOSP113,Full
,HOSP,HOSP114,Full
,HOSP,HOSP115,Full
,HOSP,HOSP116,Clip
,HOSP,HOSP117,Full
,HOSP,HOSP118,Full
,HOSP,HOSP119,Full
,HOSP,HOSP12,Full
,HOSP,HOSP120,Clip
,HOSP,HOSP121,Clip
,HOSP,HOSP122,Full
,HOSP,HOSP123,Full
,HOSP,HOSP124,Full
,HOSP,HOSP125,Clip
,HOSP,HOSP129,Full
,HOSP,HOSP13,Full
,HOSP,HOSP130,Full
,HOSP,HOSP131,Full
,HOSP,HOSP132,Full
,HOSP,HOSP133,Full
,HOSP,HOSP134,Full
,HOSP,HOSP135,Full
,HOSP,HOSP136,Full
,HOSP,HOSP137,Clip
,HOSP,HOSP139,Full
,HOSP,HOSP14,Clip
,HOSP,HOSP140,Full
,HOSP,HOSP141,Full
,HOSP,HOSP142,Full
,HOSP,HOSP143,Full
,HOSP,HOSP144,Full
,HOSP,HOSP145,Full
,HOSP,HOSP146,Full
,HOSP,HOSP148,Full
,HOSP,HOSP149,Full
,HOSP,HOSP150,Full
,HOSP,HOSP151,Full
,HOSP,HOSP152,Full
,HOSP,HOSP153,Clip
,HOSP,HOSP154,Clip
,HOSP,HOSP155,Full
,HOSP,HOSP156,Clip
,HOSP,HOSP16,Full
,HOSP,HOSP17,Full
,HOSP,HOSP18,Full
,HOSP,HOSP19,Full
,HOSP,HOSP2,Full
,HOSP,HOSP20,Full
,HOSP,HOSP21,Full
,HOSP,HOSP22,Full
,HOSP,HOSP23,Full
,HOSP,HOSP24,Clip
,HOSP,HOSP25,Clip
,HOSP,HOSP26,Clip
,HOSP,HOSP27,Clip
,HOSP,HOSP28,Clip
,HOSP,HOSP29,Full
,HOSP,HOSP3,Full
,HOSP,HOSP30,Full
,HOSP,HOSP31,Full
,HOSP,HOSP32,Full
,HOSP,HOSP33,Full
,HOSP,HOSP34,Full
,HOSP,HOSP35,Full
,HOSP,HOSP36,Full
,HOSP,HOSP37,Full
,HOSP,HOSP38,Full
,HOSP,HOSP39,Full
,HOSP,HOSP4,Full
,HOSP,HOSP40,Clip
,HOSP,HOSP41,Clip
,HOSP,HOSP42,Full
,HOSP,HOSP43,Clip
,HOSP,HOSP44,Clip
,HOSP,HOSP45,Full
,HOSP,HOSP46,Full
,HOSP,HOSP47,Full
,HOSP,HOSP48,Full
,HOSP,HOSP49,Full
,HOSP,HOSP5,Full
,HOSP,HOSP50,Full
,HOSP,HOSP51,Full
,HOSP,HOSP52,Full
,HOSP,HOSP53,Full
,HOSP,HOSP54,Full
,HOSP,HOSP55,Full
,HOSP,HOSP56,Clip
,HOSP,HOSP57,Full
,HOSP,HOSP58,Full
,HOSP,HOSP59,Full
,HOSP,HOSP6,Clip
,HOSP,HOSP60,Full
,HOSP,HOSP61,Full
,HOSP,HOSP62,Clip
,HOSP,HOSP63,Full
,HOSP,HOSP64,Full
,HOSP,HOSP65,Full
,HOSP,HOSP66,Full
,HOSP,HOSP67,Clip
,HOSP,HOSP68,Clip
,HOSP,HOSP69,Full
,HOSP,HOSP70,Full
,HOSP,HOSP71,Full
,HOSP,HOSP72,Full
,HOSP,HOSP74,Clip
,HOSP,HOSP75,Clip
,HOSP,HOSP76,Clip
,HOSP,HOSP77,Clip
,HOSP,HOSP78,Full
,HOSP,HOSP79,Full
,HOSP,HOSP8,Full
,HOSP,HOSP80,Full
,HOSP,HOSP81,Full
,HOSP,HOSP82,Full
,HOSP,HOSP83,Full
,HOSP,HOSP84,Full
,HOSP,HOSP85,Full
,HOSP,HOSP87,Clip
,HOSP,HOSP88,Full
,HOSP,HOSP89,Full
,HOSP,HOSP9,Full
,HOSP,HOSP90,Full
,HOSP,HOSP93,Full
,HOSP,HOSP94,Full
,HOSP,HOSP95,Full
,HOSP,HOSP96,Full
,HOSP,HOSP97,Full
,HOSP,HOSP98,Full
,HOSP,HOSP99,Clip
,PERI,PERI10,Full
,PERI,PERI100,Full
,PERI,PERI101,Full
,PERI,PERI102,Full
,PERI,PERI103,Full
,PERI,PERI104,Clip
,PERI,PERI105,Clip
,PERI,PERI106,Full
,PERI,PERI107,Full
,PERI,PERI108,Full
,PERI,PERI109,Full
,PERI,PERI11,Full
,PERI,PERI110,Full
,PERI,PERI111,Full
,PERI,PERI112,Full
,PERI,PERI113,Clip
,PERI,PERI114,Clip
,PERI,PERI115,Full
,PERI,PERI116,Full
,PERI,PERI117,Full
,PERI,PERI118,Full
,PERI,PERI119,Clip
,PERI,PERI12,Clip
,PERI,PERI120,Clip
,PERI,PERI121,Full
,PERI,PERI122,Clip
,PERI,PERI15,Full
,PERI,PERI16,Full
,PERI,PERI17,Full
,PERI,PERI18,Full
,PERI,PERI19,Clip
,PERI,PERI25,Full
,PERI,PERI26,Full
,PERI,PERI27,Full
,PERI,PERI28,Full
,PERI,PERI29,Full
,PERI,PERI30,Full
,PERI,PERI31,Clip
,PERI,PERI36,Full
,PERI,PERI37,Full
,PERI,PERI38,Full
,PERI,PERI39,Full
,PERI,PERI40,Full
,PERI,PERI41,Full
,PERI,PERI42,Full
,PERI,PERI43,Clip
,PERI,PERI44,Clip
,PERI,PERI45,Full
,PERI,PERI46,Full
,PERI,PERI47,Full
,PERI,PERI48,Full
,PERI,PERI49,Full
,PERI,PERI5,Full
,PERI,PERI50,Full
,PERI,PERI51,Full
,PERI,PERI52,Full
,PERI,PERI53,Full
,PERI,PERI54,Full
,PERI,PERI55,Clip
,PERI,PERI56,Clip
,PERI,PERI57,Full
,PERI,PERI58,Full
,PERI,PERI59,Full
,PERI,PERI6,Full
,PERI,PERI60,Full
,PERI,PERI61,Full
,PERI,PERI62,Full
,PERI,PERI63,Full
,PERI,PERI64,Full
,PERI,PERI65,Full
,PERI,PERI66,Full
,PERI,PERI67,Clip
,PERI,PERI68,Clip
,PERI,PERI69,Clip
,PERI,PERI7,Clip
,PERI,PERI70,Full
,PERI,PERI71,Full
,PERI,PERI72,Full
,PERI,PERI73,Full
,PERI,PERI76,Full
,PERI,PERI77,Full
,PERI,PERI78,Full
,PERI,PERI79,Clip
,PERI,PERI80,Clip
,PERI,PERI81,Clip
,PERI,PERI82,Full
,PERI,PERI83,Full
,PERI,PERI86,Full
,PERI,PERI87,Full
,PERI,PERI88,Full
,PERI,PERI89,Full
,PERI,PERI90,Full
,PERI,PERI91,Full
,PERI,PERI92,Full
,PERI,PERI93,Clip
,PERI,PERI94,Clip
,PERI,PERI95,Full
,PERI,PERI96,Full
,PERI,PERI97,Full
,PERI,PERI98,Full
,PERI,PERI99,Full
,TAPR,TAPR1,Clip
,TAPR,TAPR10,Full
,TAPR,TAPR100,Full
,TAPR,TAPR101,Full
,TAPR,TAPR102,Full
,TAPR,TAPR103,Full
,TAPR,TAPR104,Clip
,TAPR,TAPR105,Clip
,TAPR,TAPR106,Full
,TAPR,TAPR107,Full
,TAPR,TAPR108,Full
,TAPR,TAPR109,Full
,TAPR,TAPR11,Clip
,TAPR,TAPR110,Full
,TAPR,TAPR111,Full
,TAPR,TAPR112,Full
,TAPR,TAPR113,Full
,TAPR,TAPR114,Full
,TAPR,TAPR115,Full
,TAPR,TAPR116,Full
,TAPR,TAPR117,Full
,TAPR,TAPR118,Clip
,TAPR,TAPR119,Clip
,TAPR,TAPR12,Clip
,TAPR,TAPR120,Full
,TAPR,TAPR121,Full
,TAPR,TAPR122,Full
,TAPR,TAPR123,Full
,TAPR,TAPR124,Full
,TAPR,TAPR125,Full
,TAPR,TAPR126,Full
,TAPR,TAPR127,Full
,TAPR,TAPR128,Full
,TAPR,TAPR129,Full
,TAPR,TAPR13,Full
,TAPR,TAPR130,Full
,TAPR,TAPR131,Full
,TAPR,TAPR132,Full
,TAPR,TAPR133,Full
,TAPR,TAPR134,Clip
,TAPR,TAPR135,Clip
,TAPR,TAPR136,Full
,TAPR,TAPR137,Full
,TAPR,TAPR138,Full
,TAPR,TAPR139,Full
,TAPR,TAPR14,Full
,TAPR,TAPR140,Full
,TAPR,TAPR141,Full
,TAPR,TAPR142,Full
,TAPR,TAPR143,Full
,TAPR,TAPR144,Full
,TAPR,TAPR145,Full
,TAPR,TAPR146,Full
,TAPR,TAPR147,Full
,TAPR,TAPR148,Full
,TAPR,TAPR149,Full
,TAPR,TAPR15,Full
,TAPR,TAPR150,Clip
,TAPR,TAPR151,Clip
,TAPR,TAPR152,Full
,TAPR,TAPR153,Full
,TAPR,TAPR154,Full
,TAPR,TAPR155,Full
,TAPR,TAPR156,Full
,TAPR,TAPR157,Full
,TAPR,TAPR158,Full
,TAPR,TAPR159,Full
,TAPR,TAPR16,Full
,TAPR,TAPR160,Full
,TAPR,TAPR161,Full
,TAPR,TAPR162,Full
,TAPR,TAPR163,Full
,TAPR,TAPR164,Full
,TAPR,TAPR165,Full
,TAPR,TAPR166,Clip
,TAPR,TAPR167,Clip
,TAPR,TAPR168,Full
,TAPR,TAPR169,Full
,TAPR,TAPR17,Full
,TAPR,TAPR170,Full
,TAPR,TAPR171,Full
,TAPR,TAPR172,Full
,TAPR,TAPR173,Full
,TAPR,TAPR174,Full
,TAPR,TAPR175,Full
,TAPR,TAPR176,Full
,TAPR,TAPR177,Full
,TAPR,TAPR178,Full
,TAPR,TAPR179,Full
,TAPR,TAPR18,Full
,TAPR,TAPR180,Clip
,TAPR,TAPR181,Clip
,TAPR,TAPR182,Full
,TAPR,TAPR183,Full
,TAPR,TAPR184,Full
,TAPR,TAPR185,Full
,TAPR,TAPR186,Full
,TAPR,TAPR187,Full
,TAPR,TAPR188,Full
,TAPR,TAPR189,Full
,TAPR,TAPR19,Clip
,TAPR,TAPR190,Full
,TAPR,TAPR191,Full
,TAPR,TAPR192,Clip
,TAPR,TAPR193,Clip
,TAPR,TAPR194,Full
,TAPR,TAPR195,Full
,TAPR,TAPR196,Full
,TAPR,TAPR197,Full
,TAPR,TAPR198,Full
,TAPR,TAPR199,Full
,TAPR,TAPR2,Clip
,TAPR,TAPR20,Clip
,TAPR,TAPR200,Full
,TAPR,TAPR201,Full
,TAPR,TAPR202,Full
,TAPR,TAPR203,Full
,TAPR,TAPR204,Clip
,TAPR,TAPR205,Clip
,TAPR,TAPR206,Full
,TAPR,TAPR207,Full
,TAPR,TAPR208,Full
,TAPR,TAPR209,Full
,TAPR,TAPR21,Full
,TAPR,TAPR210,Full
,TAPR,TAPR211,Full
,TAPR,TAPR212,Full
,TAPR,TAPR213,Full
,TAPR,TAPR214,Full
,TAPR,TAPR215,Full
,TAPR,TAPR216,Clip
,TAPR,TAPR217,Clip
,TAPR,TAPR218,Full
,TAPR,TAPR219,Full
,TAPR,TAPR22,Full
,TAPR,TAPR220,Full
,TAPR,TAPR221,Full
,TAPR,TAPR222,Full
,TAPR,TAPR223,Full
,TAPR,TAPR224,Full
,TAPR,TAPR225,Full
,TAPR,TAPR226,Full
,TAPR,TAPR227,Full
,TAPR,TAPR228,Clip
,TAPR,TAPR229,Full
,TAPR,TAPR23,Full
,TAPR,TAPR230,Full
,TAPR,TAPR231,Full
,TAPR,TAPR232,Full
,TAPR,TAPR233,Full
,TAPR,TAPR234,Full
,TAPR,TAPR235,Full
,TAPR,TAPR236,Full
,TAPR,TAPR237,Full
,TAPR,TAPR238,Clip
,TAPR,TAPR239,Clip
,TAPR,TAPR24,Full
,TAPR,TAPR240,Full
,TAPR,TAPR241,Full
,TAPR,TAPR242,Full
,TAPR,TAPR243,Full
,TAPR,TAPR244,Full
,TAPR,TAPR245,Full
,TAPR,TAPR246,Full
,TAPR,TAPR247,Clip
,TAPR,TAPR248,Clip
,TAPR,TAPR249,Full
,TAPR,TAPR25,Full
,TAPR,TAPR250,Full
,TAPR,TAPR251,Full
,TAPR,TAPR252,Full
,TAPR,TAPR253,Full
,TAPR,TAPR254,Clip
,TAPR,TAPR255,Clip
,TAPR,TAPR256,Full
,TAPR,TAPR257,Full
,TAPR,TAPR258,Full
,TAPR,TAPR259,Full
,TAPR,TAPR26,Full
,TAPR,TAPR260,Full
,TAPR,TAPR261,Clip
,TAPR,TAPR262,Full
,TAPR,TAPR263,Clip
,TAPR,TAPR264,Full
,TAPR,TAPR265,Full
,TAPR,TAPR266,Full
,TAPR,TAPR267,Full
,TAPR,TAPR268,Full
,TAPR,TAPR269,Clip
,TAPR,TAPR27,Full
,TAPR,TAPR270,Clip
,TAPR,TAPR271,Full
,TAPR,TAPR272,Full
,TAPR,TAPR273,Full
,TAPR,TAPR274,Full
,TAPR,TAPR275,Clip
,TAPR,TAPR276,Clip
,TAPR,TAPR277,Full
,TAPR,TAPR278,Full
,TAPR,TAPR279,Full
,TAPR,TAPR28,Full
,TAPR,TAPR280,Clip
,TAPR,TAPR281,Clip
,TAPR,TAPR282,Full
,TAPR,TAPR283,Full
,TAPR,TAPR284,Full
,TAPR,TAPR285,Full
,TAPR,TAPR286,Clip
,TAPR,TAPR287,Clip
,TAPR,TAPR288,Full
,TAPR,TAPR289,Full
,TAPR,TAPR29,Clip
,TAPR,TAPR290,Full
,TAPR,TAPR291,Full
,TAPR,TAPR292,Clip
,TAPR,TAPR293,Clip
,TAPR,TAPR294,Full
,TAPR,TAPR295,Full
,TAPR,TAPR296,Full
,TAPR,TAPR297,Clip
,TAPR,TAPR298,Clip
,TAPR,TAPR299,Full
,TAPR,TAPR3,Clip
,TAPR,TAPR30,Clip
,TAPR,TAPR300,Full
,TAPR,TAPR301,Clip
,TAPR,TAPR31,Full
,TAPR,TAPR32,Full
,TAPR,TAPR33,Full
,TAPR,TAPR34,Full
,TAPR,TAPR35,Full
,TAPR,TAPR36,Full
,TAPR,TAPR37,Full
,TAPR,TAPR38,Full
,TAPR,TAPR39,Full
,TAPR,TAPR4,Full
,TAPR,TAPR40,Full
,TAPR,TAPR41,Clip
,TAPR,TAPR42,Clip
,TAPR,TAPR43,Full
,TAPR,TAPR44,Full
,TAPR,TAPR45,Full
,TAPR,TAPR46,Full
,TAPR,TAPR47,Full
,TAPR,TAPR48,Full
,TAPR,TAPR49,Full
,TAPR,TAPR5,Full
,TAPR,TAPR50,Full
,TAPR,TAPR51,Full
,TAPR,TAPR52,Full
,TAPR,TAPR53,Clip
,TAPR,TAPR54,Clip
,TAPR,TAPR55,Full
,TAPR,TAPR56,Full
,TAPR,TAPR57,Full
,TAPR,TAPR58,Full
,TAPR,TAPR59,Full
,TAPR,TAPR6,Clip
,TAPR,TAPR60,Full
,TAPR,TAPR61,Full
,TAPR,TAPR62,Full
,TAPR,TAPR63,Full
,TAPR,TAPR64,Full
,TAPR,TAPR65,Full
,TAPR,TAPR66,Clip
,TAPR,TAPR67,Clip
,TAPR,TAPR68,Full
,TAPR,TAPR69,Full
,TAPR,TAPR7,Full
,TAPR,TAPR70,Full
,TAPR,TAPR71,Full
,TAPR,TAPR72,Full
,TAPR,TAPR73,Full
,TAPR,TAPR74,Full
,TAPR,TAPR75,Full
,TAPR,TAPR76,Full
,TAPR,TAPR77,Full
,TAPR,TAPR78,Full
,TAPR,TAPR79,Clip
,TAPR,TAPR8,Full
,TAPR,TAPR80,Full
,TAPR,TAPR81,Full
,TAPR,TAPR82,Full
,TAPR,TAPR83,Full
,TAPR,TAPR84,Full
,TAPR,TAPR85,Full
,TAPR,TAPR86,Full
,TAPR,TAPR87,Full
,TAPR,TAPR88,Full
,TAPR,TAPR89,Full
,TAPR,TAPR9,Full
,TAPR,TAPR90,Full
,TAPR,TAPR91,Clip
,TAPR,TAPR92,Clip
,TAPR,TAPR93,Full
,TAPR,TAPR94,Full
,TAPR,TAPR95,Full
,TAPR,TAPR96,Full
,TAPR,TAPR97,Full
,TAPR,TAPR98,Full
,TAPR,TAPR99,Full
,WICR,WICR100,Full
,WICR,WICR101,Full
,WICR,WICR102,Full
,WICR,WICR103,Full
,WICR,WICR104,Full
,WICR,WICR105,Full
,WICR,WICR106,Full
,WICR,WICR107,Full
,WICR,WICR108,Full
,WICR,WICR109,Full
,WICR,WICR11,Clip
,WICR,WICR110,Full
,WICR,WICR111,Clip
,WICR,WICR112,Clip
,WICR,WICR113,Full
,WICR,WICR114,Full
,WICR,WICR115,Full
,WICR,WICR116,Full
,WICR,WICR117,Full
,WICR,WICR118,Full
,WICR,WICR119,Full
,WICR,WICR12,Clip
,WICR,WICR120,Full
,WICR,WICR121,Full
,WICR,WICR122,Full
,WICR,WICR123,Full
,WICR,WICR124,Full
,WICR,WICR125,Clip
,WICR,WICR126,Clip
,WICR,WICR127,Full
,WICR,WICR128,Full
,WICR,WICR13,Full
,WICR,WICR131,Clip
,WICR,WICR132,Full
,WICR,WICR133,Full
,WICR,WICR134,Full
,WICR,WICR135,Full
,WICR,WICR136,Clip
,WICR,WICR14,Full
,WICR,WICR142,Full
,WICR,WICR147,Full
,WICR,WICR148,Full
,WICR,WICR149,Full
,WICR,WICR15,Clip
,WICR,WICR150,Full
,WICR,WICR151,Clip
,WICR,WICR155,Clip
,WICR,WICR160,Clip
,WICR,WICR161,Full
,WICR,WICR162,Full
,WICR,WICR163,Clip
,WICR,WICR167,Clip
,WICR,WICR17,Full
,WICR,WICR171,Clip
,WICR,WICR172,Full
,WICR,WICR173,Full
,WICR,WICR174,Clip
,WICR,WICR175,Full
,WICR,WICR18,Full
,WICR,WICR180,Full
,WICR,WICR181,Full
,WICR,WICR182,Clip
,WICR,WICR183,Clip
,WICR,WICR186,Clip
,WICR,WICR187,Full
,WICR,WICR188,Clip
,WICR,WICR189,Clip
,WICR,WICR19,Full
,WICR,WICR190,Full
,WICR,WICR191,Full
,WICR,WICR192,Clip
,WICR,WICR193,Clip
,WICR,WICR194,Full
,WICR,WICR195,Clip
,WICR,WICR196,Clip
,WICR,WICR197,Clip
,WICR,WICR2,Clip
,WICR,WICR20,Full
,WICR,WICR21,Full
,WICR,WICR22,Full
,WICR,WICR23,Clip
,WICR,WICR24,Clip
,WICR,WICR25,Full
,WICR,WICR26,Full
,WICR,WICR27,Full
,WICR,WICR28,Full
,WICR,WICR29,Full
,WICR,WICR3,Clip
,WICR,WICR30,Full
,WICR,WICR32,Clip
,WICR,WICR33,Full
,WICR,WICR34,Full
,WICR,WICR35,Full
,WICR,WICR36,Full
,WICR,WICR37,Full
,WICR,WICR38,Full
,WICR,WICR39,Clip
,WICR,WICR40,Clip
,WICR,WICR41,Full
,WICR,WICR42,Full
,WICR,WICR43,Full
,WICR,WICR44,Full
,WICR,WICR45,Full
,WICR,WICR46,Clip
,WICR,WICR47,Clip
,WICR,WICR48,Clip
,WICR,WICR49,Clip
,WICR,WICR5,Clip
,WICR,WICR50,Full
,WICR,WICR51,Full
,WICR,WICR52,Full
,WICR,WICR53,Full
,WICR,WICR54,Full
,WICR,WICR55,Clip
,WICR,WICR58,Clip
,WICR,WICR59,Clip
,WICR,WICR6,Full
,WICR,WICR60,Clip
,WICR,WICR61,Full
,WICR,WICR62,Full
,WICR,WICR63,Full
,WICR,WICR64,Full
,WICR,WICR65,Full
,WICR,WICR66,Full
,WICR,WICR67,Full
,WICR,WICR68,Full
,WICR,WICR69,Full
,WICR,WICR7,Full
,WICR,WICR70,Full
,WICR,WICR71,Full
,WICR,WICR73,Clip
,WICR,WICR74,Full
,WICR,WICR75,Full
,WICR,WICR76,Full
,WICR,WICR77,Full
,WICR,WICR78,Full
,WICR,WICR79,Full
,WICR,WICR8,Full
,WICR,WICR80,Clip
,WICR,WICR81,Clip
,WICR,WICR82,Full
,WICR,WICR83,Full
,WICR,WICR84,Full
,WICR,WICR86,Clip
,WICR,WICR87,Full
,WICR,WICR88,Full
,WICR,WICR89,Full
,WICR,WICR9,Clip
,WICR,WICR90,Full
,WICR,WICR91,Full
,WICR,WICR92,Full
,WICR,WICR93,Full
,WICR,WICR94,Full
,WICR,WICR95,Full
,WICR,WICR96,Full
,WICR,WICR97,Full
,WICR,WICR99,Clip